[
  {
    "calories": 13.23,
    "display": "Bicycle Crunches",
    "id": 1,
    "lang": 1,
    "name": "bicycle_crunches",
    "url": "https://firebasestorage.googleapis.com/v0/b/workout-apps.appspot.com/o/AbsCompressed%2Fbicycle_crunches.gif?alt=media&token=8245eebf-1ca3-4fc9-983c-697283d4bb76",
    "info":"Bicycle crunches is calisthenics exercise that targets the abs, hip flexors and obliques.",
    "howTo":"Lie flat on the floor with your lower back pressed to the ground and bring your hands behind the head. Then in a single act of motion try to bring your left knee in towards your chest and lift your shoulder blades off the ground. Keep your right leg in the air and as straight as possible. Then bring your right elbow towards the left knee as much as possible. Make sure your rib cage is moving and not just your elbows. Now do this motion in reverse; Left elbow to right knee. This will complete one rep.\n\nPlease do this exercise on a mat!",
    "correctForm":"Do not try to touch your elbows to your knees\nDon’t put much strain on your neck",
    "tts": [
      {
        "text": "This exercise targets all abs muscle groups",
        "time": "7"
      }
    ],
    "unit": 1,
    "isOnline": false
  },
  {
    "calories": 12.63,
    "display": "Burpees",
    "id": 2,
    "lang": 1,
    "name": "burpees",
    "url": "https://firebasestorage.googleapis.com/v0/b/workout-apps.appspot.com/o/AbsCompressed%2Fburpees.gif?alt=media&token=793a5138-a497-468c-9056-37cc475c0588",
    "info":"Burpees is a plyometric exercise that targets the chest, shoulders, core and legs while also improving your cardiovascular strength.",
    "howTo":"Start with your feet shoulder width apart. Bend down and put your hands on the floor. Kick both of your legs backwards simultaneously to go into a push up position. Lower your chest to ground as doing a push up, then jump both your feet back in simultaneously. Stand up and do a jump with both your hands facing the ceiling. Remember to do a soft landing.",
    "correctForm":"Do not Arch your lower back when coming out of the push up position\nDo not skip your squat when moving from standing to burpee position",
    "tts": [
      {
        "text": "Burpees is a highly effective fat burning exercise It raises heart rate and boosts body metabolism",
        "time": "7"
      }
    ],
    "unit": 1,
    "isOnline": true
  },
  {
    "calories": 13.6,
    "display": "Circle Crunches",
    "id": 3,
    "lang": 1,
    "name": "circle_crunches",
    "url": "https://firebasestorage.googleapis.com/v0/b/workout-apps.appspot.com/o/AbsCompressed%2Fcircle_crunches.gif?alt=media&token=496a9aed-e7ec-4199-bd22-5669aa8f1382",
    "info":"Circle crunches work your abs from every direction. The circular motion forces you to isometrically hold your core tight which adds extra burn.",
    "howTo":"Lie down with your back flat on the floor. Bring your knees and ankles close together. Make a 90 degree angle between thigh and the leg. Put your hands behind your head with elbows wide. Lift your chest up and make a circular motion with your abs, Think of moving from one hip to the other while making a big circle in the air. Then repeat this motion. Keep your lower back touching the floor at all times.\n\nPlease do this exercise on a mat!",
    "correctForm":"Bring the knees and ankles close together\nLift the shoulder blades off the floor and do not try to pull with your neck. The circular movement should come from abs and chest and not the neck",
    "tts": [
      {
        "text": "Circle Crunches is a highly effective abs exercise it targets all abs muscles group",
        "time": "7"
      }
    ],
    "unit": 1,
    "isOnline": true
  },
  {
    "calories": 14.12,
    "display": "Sit up Crunches",
    "id": 4,
    "lang": 1,
    "name": "crunches",
    "url": "https://firebasestorage.googleapis.com/v0/b/workout-apps.appspot.com/o/AbsCompressed%2Fcrunches.gif?alt=media&token=2ec9fb17-c8bf-4b1a-a79e-b3216cbe439d",
    "info":"The crunch is a calisthenics exercise that primarily targets the abs and hip flexor muscles.",
    "howTo":"Lie flat with your back on the floor with your knees bend making a 90 degree angle between the thigh and the legs. Put your hands behind your head. Tuck your head slightly forward and focus on using the abdominal strength to curl your upper body off the floor. Bring your chest all the way up and towards your knees as in a semi seated position. Exhale as you rise and inhale as go back to the floor.",
    "correctForm":"Use only your abdominal strength to bring your upper body off the floor\nWhile going back, do not just throw your chest back to the floor. Instead",
    "tts": [
      {
        "text": "Sit Up Crunches target core abs muscles",
        "time": "7"
      }
    ],
    "unit": 1,
    "isOnline": true
  },
  {
    "calories": 12.045,
    "display": "Elbow Plank",
    "id": 5,
    "lang": 1,
    "name": "elbow_plank",
    "url": "https://firebasestorage.googleapis.com/v0/b/workout-apps.appspot.com/o/AbsCompressed%2Felbow_plank.gif?alt=media&token=f17a850a-9b0f-47f0-8d9f-d7146a2dcd0a",
    "info":"Elbow plank is a calisthenics exercise that primarily targets the core abs muscles. It also targets the lower back and shoulders.",
    "howTo":"Go down to the floor like assuming a push up position. Instead of putting your hands on the floor, rest your body weight on elbow and forearms and keep them flat on the floor. Raise your hips off the floor in such a way that your entire body from head to heals form a straight line. Do not let your hips drop or arch your back.",
    "correctForm":"Keep your hips in a flat position not too high not to low. Do not arch your back\nNeck and head position should lie on a straight line",
    "tts": [
      {
        "text": "Elbow Plank targets upper and lower abs along with shoulder and Lat muscles",
        "time": "7"
      }
    ],
    "unit": 1,
    "isOnline": true
  },
  {
    "calories": 13.04,
    "display": "Flutter Kicks",
    "id": 6,
    "lang": 1,
    "name": "flutter_kicks",
    "url": "https://firebasestorage.googleapis.com/v0/b/workout-apps.appspot.com/o/AbsCompressed%2Fflutter_kicks.gif?alt=media&token=183bee08-f4fa-499d-aea7-8ac47fff69e7",
    "info":"Flutter Kicks primarily target your core abs muscles and your hip flexors to some extent.",
    "howTo":"Lie flat on the floor and place your hands underneath your glutes. While keeping your legs straight, raise your heels off the ground. Raise your right foot up a few inches and then bring it down. As you are bringing your right foot down, start raising your left foot up. Keep doing this in an alternate motion between right and left foot.",
    "correctForm":"Keep your legs as straight as possible",
    "tts": [
      {
        "text": "Flutter Kicks works lower abs and hip flexor muscles",
        "time": "7"
      }
    ],
    "unit": 1,
    "isOnline": true
  },
  {
    "calories": 12.05,
    "display": "High Knees",
    "id": 7,
    "lang": 1,
    "name": "high_knees",
    "url": "https://firebasestorage.googleapis.com/v0/b/workout-apps.appspot.com/o/AbsCompressed%2Fhigh_knees.gif?alt=media&token=827fc703-41bd-4a5b-8816-935e31810c6d",
    "info":"High knees is a cardiovascular, warm up and a stretching exercise. It targets hip flexors,  hamstrings, quads and abs.",
    "howTo":"This exercise is similar to running in place. However the only difference is that you try to raise your knees up high. Ideally your knees should come up to 90 degree angle to your body. Keep doing this alternate manner with your arms pumping back and forth.",
    "correctForm":"Keep looking straight. Do not look down\nRaise your knees at 90 degrees angle to your body",
    "tts": [
      {
        "text": "High Knees is a very good full body cardio vascular exercise very effective for fat burning",
        "time": "7"
      }
    ],
    "unit": 1,
    "isOnline": true
  },
  {
    "calories": 12.02,
    "display": "Jump Pushup",
    "id": 8,
    "lang": 1,
    "name": "jump_push_up",
    "url": "https://firebasestorage.googleapis.com/v0/b/workout-apps.appspot.com/o/AbsCompressed%2Fjump_push_up.gif?alt=media&token=870effdb-38c7-47ce-b6ce-dc5fd225a47b",
    "info":"",
    "howTo":"",
    "correctForm":"",
    "tts": [
      {
        "text": "Jump Push Up targets chest and triceps muscles",
        "time": "7"
      }
    ],
    "unit": 1,
    "isOnline": false
  },
  {
    "calories": 13.54,
    "display": "Jumping Jacks",
    "id": 9,
    "lang": 1,
    "name": "jumping_jacks",
    "url": "https://firebasestorage.googleapis.com/v0/b/workout-apps.appspot.com/o/AbsCompressed%2Fjumping_jacks.gif?alt=media&token=5935fe3f-9f84-4f16-adc9-fe6b3f6ff2c5",
    "info":"Jumping jack is a cardiovascular, full body warm up exercise as it helps loosening of the muscles.",
    "howTo":"Stand upright. Your feet should be together and your hands by your sides. Begin exercise by raising both your hands simultaneously, up and above your head. While raising your hands jump off the floor and move your feet apart to a distance around twice that of shoulder width.\nWith your hands at the top and feet spread apart, immediately reverse your movement back to the starting position. Do this exercise in a fluid motion.",
    "correctForm":"Try to synchronize the movement of your hands with your feet\nDo not pause during this exercise",
    "tts": [
      {
        "text": "Jumping Jacks is a very good full body warm up exercise",
        "time": "7"
      }
    ],
    "unit": 1,
    "isOnline": true
  },
  {
    "calories": 14.588,
    "display": "Leg Raises",
    "id": 10,
    "lang": 1,
    "name": "leg_raises",
    "url": "https://firebasestorage.googleapis.com/v0/b/workout-apps.appspot.com/o/AbsCompressed%2Fleg_raises.gif?alt=media&token=9e89f30d-b2a9-4ff5-84db-e8de772ce3d1",
    "info":"Leg raises is a pilates and calisthenics exercise for improving core strength. It targets core,abs and hip flexor muscles.",
    "howTo":"Lay down flat on the floor with your hands underneath your glutes. Keep your feet straight and keep them together. While keeping your legs straight, lift both your legs in the air together. Bring both the legs at 90 degrees from the floor, if possible. Once at the top, slowly start lowering both your legs into the starting position.",
    "correctForm":"Do not bend your knees and keep your legs straight\nDo not use jerking motion to lift your legs",
    "tts": [
      {
        "text": "Leg Raises targets Hip Flexors and Lower Abs Muscles",
        "time": "7"
      }
    ],
    "unit": 1,
    "isOnline": false
  },
  {
    "calories": 12.45,
    "display": "Lunge Step Ups",
    "id": 11,
    "lang": 1,
    "name": "lunge_step_ups",
    "url": "https://firebasestorage.googleapis.com/v0/b/workout-apps.appspot.com/o/AbsCompressed%2Flunge_step_ups.gif?alt=media&token=8ab198aa-8308-4a0a-a345-cca9056a26ed",
    "info":"Lunge Step up is a lower body exercise that primarily targets the quadriceps muscles. this exercise also targets calves, glutes and hamstrings.",
    "howTo":"Start off in a basic lunge position. Keep one of your foot firmly planted on the ground. Then move out of the lunge position by driving the knee on the other leg forward. Bring the leg up until your thigh is horizontal. Once in the horizontal position, bring the leg back to it’s starting position.",
    "correctForm":"Keep your body upright throughout the exercise\nMaintain proper balance. Do this exercise in a controlled manner",
    "tts": [
      {
        "text": "Lunge Step Ups is a Lower Body Exercise which targets quadriceps and hamstring muscles",
        "time": "7"
      }
    ],
    "unit": 1,
    "isOnline": true
  },
  {
    "calories": 13.04,
    "display": "Mountain Climbers",
    "id": 12,
    "lang": 1,
    "name": "mountain_climbers",
    "url": "https://firebasestorage.googleapis.com/v0/b/workout-apps.appspot.com/o/AbsCompressed%2Fmountain_climbers.gif?alt=media&token=1e14d392-b48f-4f6d-862e-8b8033f9626b",
    "info":"Mountain climber is a very effective full body cardiovascular exercise. It is a compound exercise that targets the abs, lower back, hamstring,quads and triceps muscles.",
    "howTo":"Start in a plank position and keep your body straight. Begin pulling your right knee towards your chest. Maintain plank position. Keep the tension in your abs by pulling them in. Try to bring your knee in as close to the chest as you comfortably can. Once right knee has been pulled in repeat this movement with the other leg. Pull the left knee in and push the right leg out. Alternate these movement by switching between knees in a continuous motion.",
    "correctForm":"Your hips should not drop nor your back should arch\nPrevent your head from dropping",
    "tts": [
      {
        "text": "Mountain Climbers is a full body exercise which targets shoulder chest and lower ab muscles",
        "time": "7"
      }
    ],
    "unit": 1,
    "isOnline": true
  },
  {
    "calories": 13.045,
    "display": "Moving Plank",
    "id": 13,
    "lang": 1,
    "name": "moving_plank",
    "url": "https://firebasestorage.googleapis.com/v0/b/workout-apps.appspot.com/o/AbsCompressed%2Fmoving_plank.gif?alt=media&token=2b6d89df-86f1-43c4-9ded-cd7d6902431d",
    "info":"Moving plank is an advanced version of the elbow plank. Moving plank targets abs, shoulder and tricep muscles.",
    "howTo":"Go down to the floor. Like in an elbow plank position, rest your body weight on elbow and forearms and keep them flat on the floor. Raise your hips off the floor in such a way that your entire body from head to heals form a straight line. This is the elbow plank position. To do moving plank, move your upper body weight from your elbow to your hands, while keeping plank position. You will have to do this one hand at a time.\nOnce you have moved from elbow plank position to a plank position with your body weight on your hands, try to reverse the movement by going back to the elbow plank position. Again do this one hand a time. This full movement constitute one rep.",
    "correctForm":"Make sure your elbows and hands are underneath shoulders\nPrevent your hips from dropping and keep them still",
    "tts": [
      {
        "text": "Moving planks very effectively targets core abs chest and shoulder muscles all in a single exercise",
        "time": "7"
      }
    ],
    "unit": 1,
    "isOnline": true
  },
  {
    "calories": 12.045,
    "display": "Push Up Plank Leg Raises",
    "id": 14,
    "lang": 1,
    "name": "one_legged_push_up_plank",
    "url": "https://firebasestorage.googleapis.com/v0/b/workout-apps.appspot.com/o/AbsCompressed%2Fone_legged_push_up_plank.gif?alt=media&token=05be1c8a-4090-46a3-8f31-8732d958c4a4",
    "info":"",
    "howTo":"",
    "correctForm":"",
    "tts": [
      {
        "text": "Push Up Plank with leg raises targets core abs chest lower back and glutes muscles",
        "time": "7"
      }
    ],
    "unit": 1,
    "isOnline": false
  },
  {
    "calories": 11.045,
    "display": "Pike Walk",
    "id": 15,
    "lang": 1,
    "name": "pike_walk",
    "url": "https://firebasestorage.googleapis.com/v0/b/workout-apps.appspot.com/o/AbsCompressed%2Fpike_walk.gif?alt=media&token=9398f87b-32d2-442b-8802-e84a493a51df",
    "info":"Pike walk is a bodyweight pilates exercise that strengthens the upper body and core. Pike walk targets abs, shoulders, chest, hamstrings and glutes muscles.",
    "howTo":"Assume a standing position keeping your feet shoulder width apart. Now bend down around your waist and try to put your hands on the floor. While doing so try to keep your legs straight and do not bend your knees. Using your hands only start walking forward as far as you can and come back in reverse as well.\nOnce your hands are as far as they can go, start the reverse movement by walking back inwards towards your feet. Again use your hands only and do not move your feet. This complete one rep.",
    "correctForm":"Try not to bend your legs during this exercise\nYour hips should not sag and your core should be tight",
    "tts": [
      {
        "text": "Pike Walk targets the core and upper abs muscles",
        "time": "7"
      }
    ],
    "unit": 1,
    "isOnline": false
  },
  {
    "calories": 15.5745,
    "display": "Plank",
    "id": 16,
    "lang": 1,
    "name": "plank",
    "url": "https://firebasestorage.googleapis.com/v0/b/workout-apps.appspot.com/o/AbsCompressed%2Fplank.gif?alt=media&token=3881090b-ef80-4522-b67c-9f5d25a867bc",
    "info":"Elbow plank is a calisthenics exercise that primarily targets the core abs muscles. It also targets the lower back and shoulders.",
    "howTo":"Go down to the floor like assuming a push up position. Instead of putting your hands on the floor, rest your body weight on elbow and forearms and keep them flat on the floor. Raise your hips off the floor in such a way that your entire body from head to heals form a straight line. You should feel tension in your core, hamstring and glutes.",
    "correctForm":"Keep your hips in a flat position not too high not to low. Do not arch your back\nNeck and head position should lie on a straight line",
    "tts": [
      {
        "text": "Plank targets the core and upper abs muscles",
        "time": "7"
      }
    ],
    "unit": 1,
    "isOnline": false
  },
  {
    "calories": 12.578,
    "display": "Plank Arm Raises",
    "id": 17,
    "lang": 1,
    "name": "plank_arm_raises",
    "url": "https://firebasestorage.googleapis.com/v0/b/workout-apps.appspot.com/o/AbsCompressed%2Fplank_arm_raises.gif?alt=media&token=8c791793-c024-4732-9105-ff131bf56011",
    "info":"Plank arm raises is an isometric core exercise that primarily target upper & lower abs and helps improving shoulder and spinal stability. It also strengthen lower back regions.",
    "howTo":"Lie down in a push up position, rest your body weight on both hands then tighten your abs while stretching one arm out in front of you with your head up and knees straight.\nMake sure your body is in a completely straight line from head to toe. While lifting right arm off the ground, drive that left foot into the ground, then bring the hand down after a couple of seconds and switch to the left side with same drill.",
    "correctForm":"Keep your body in straight position, don’t arch your back\nDevelop good rotational stability through shoulders, torso and hips",
    "tts": [
      {
        "text": "Plank Arm Raises builds core strength in addition to working shoulder and triceps muscles",
        "time": "7"
      }
    ],
    "unit": 1,
    "isOnline": true
  },
  {
    "calories": 12.4287,
    "display": "Plank Jacks",
    "id": 18,
    "lang": 1,
    "name": "plank_jacks",
    "url": "https://firebasestorage.googleapis.com/v0/b/workout-apps.appspot.com/o/AbsCompressed%2Fplank_jacks.gif?alt=media&token=4098f75f-2356-4d34-96de-ab60b713786b",
    "info":"Plank jack is cardio exercise that primarily targets abs and strengthens the upper body, lower body and core. This exercise also helps in cardiovascular endurance, accelerate the heart rate and burn more calories.",
    "howTo":"Get settled in a pushup position and make your body into a straight line from head to toe. Press your toes forcefully into the floor and jump your feets outwards to spread your legs out without moving your torso. Then jump again with your feets and bring your legs back together. Make sure to keep your lower abs tight as you jack your feet.",
    "correctForm":"Keep your body in straight position, don’t arch your back\nAs you move your legs outwards, don’t allow your torso to rotate.",
    "tts": [
      {
        "text": "Plank Jacks targets core abs hip flexors and calf muscles",
        "time": "7"
      }
    ],
    "unit": 1,
    "isOnline": false
  },
  {
    "calories": 13.04,
    "display": "Plank Jump Ins",
    "id": 19,
    "lang": 1,
    "name": "plank_jump_ins",
    "url": "https://firebasestorage.googleapis.com/v0/b/workout-apps.appspot.com/o/AbsCompressed%2Fplank_jump_ins.gif?alt=media&token=24d4e7f2-b5f9-49d3-bf22-d06527f13528",
    "info":"Plank jump ins is an advanced exercise like burpees that works on your abs and create core stability.",
    "howTo":"Get settled in a pushup position and wide your feets parallel to your shoulder width. Then jump your feets towards hands so your legs can unfurl and back again. This completes on repetition.",
    "correctForm":"Keep your hips at the same height as your shoulders\nDon’t arch your back",
    "tts": [
      {
        "text": "Plank Jump Ins targets the core and lower abs muscles in addition to lower back and glutes",
        "time": "7"
      }
    ],
    "unit": 1,
    "isOnline": false
  },
  {
    "calories": 13.86,
    "display": "Plank Leg Raises",
    "id": 20,
    "lang": 1,
    "name": "plank_leg_raises",
    "url": "https://firebasestorage.googleapis.com/v0/b/workout-apps.appspot.com/o/AbsCompressed%2Fplank_leg_raises.gif?alt=media&token=0af5f7b0-dc28-4fee-8982-ecca8a3f1afe",
    "info":"Plank leg raise is an effective exercise for developing the abs. It strengthen out glutes and lower back.",
    "howTo":"Begin with pushup position and support lower body on toes. Raise your right leg up about two feet off the floor and lower it back to toe. Switch legs and repeat.",
    "correctForm":"Form your body a straight line from shoulders to ankles\nMaintain as flat a spine as possible",
    "tts": [
      {
        "text": "Plank Leg Raises targets core abs lower back and glutes muscles",
        "time": "7"
      }
    ],
    "unit": 1,
    "isOnline": false
  },
  {
    "calories": 12.574,
    "display": "Push Ups",
    "id": 21,
    "lang": 1,
    "name": "push_up",
    "url": "https://firebasestorage.googleapis.com/v0/b/workout-apps.appspot.com/o/AbsCompressed%2Fpush_up.gif?alt=media&token=bc63f02a-265d-4ddb-b75a-c1317db79849",
    "info":"Pushup is an effective exercise that primarily strengthens your chest, abs and core body muscles.",
    "howTo":"Position your hands and arms right below your shoulders while holding your body in a plank position. Lower your body until your chest is two inches above the floor. Then push your torso away from the ground until your arms lock, then repeat.",
    "correctForm":"Keep your body in a straight position, don’t arch your back\nKeep your core engaged throughout the entire movement",
    "tts": [
      {
        "text": "Push Up is very effective exercise for upper body conditioning and core abs muscles",
        "time": "7"
      }
    ],
    "unit": 1,
    "isOnline": true
  },
  {
    "calories": 12.876,
    "display": "Push Up Plank",
    "id": 22,
    "lang": 1,
    "name": "push_up_plank",
    "url": "https://firebasestorage.googleapis.com/v0/b/workout-apps.appspot.com/o/AbsCompressed%2Fpush_up_plank.gif?alt=media&token=008f1573-89c9-4d8d-aeed-b1dc776bd360",
    "info":"",
    "howTo":"",
    "correctForm":"",
    "tts": [
      {
        "text": "Push Up Plank targets chest shoulder and core abs muscles",
        "time": "7"
      }
    ],
    "unit": 1,
    "isOnline": false
  },
  {
    "calories": 12.786,
    "display": "Raised Leg Circles",
    "id": 23,
    "lang": 1,
    "name": "raised_leg_circles",
    "url": "https://firebasestorage.googleapis.com/v0/b/workout-apps.appspot.com/o/AbsCompressed%2Fraised_leg_circles.gif?alt=media&token=1707aad6-a20c-4469-80ba-0263d3884d2a",
    "info":"Raised legs circle exercise in an easy way to harden your lower abs and strengthen front hip flexors.",
    "howTo":"Lying your back with both legs straight, put your hands underneath your lower back core for support. Use your feet to draw a larger circle as you can control from above your hips to close the ground as you can. Continue the motion with set of repetitions.",
    "correctForm":"Do not let lower back peel up off the mat as you lower your legs\nBreathe deeply into your back and sides",
    "tts": [
      {
        "text": "Raised Leg Circles targets all abs muscle groups",
        "time": "7"
      }
    ],
    "unit": 1,
    "isOnline": false
  },
  {
    "calories": 12.786,
    "display": "Reverse Crunches",
    "id": 24,
    "lang": 1,
    "name": "reverse_crunches",
    "url": "https://firebasestorage.googleapis.com/v0/b/workout-apps.appspot.com/o/AbsCompressed%2Freverse_crunches.gif?alt=media&token=b7775e3e-b195-4c5d-adfe-d9c37659b675",
    "info":"Reverse crunch is a core exercise that primarily targets your abs, hips and lower back.",
    "howTo":"Lying your back down the ground and place the hands underneath your lower back core. Hover your legs straight above, raise your hips off the floor and crunch them inward. Then slowly lower your legs back towards the floor and repeat the same process.",
    "correctForm":"Hold your feet together and pull them in the air at 90 degree angle\nHips and lower back should raise up off the floor",
    "tts": [
      {
        "text": "Reverse Crunches targets lower and core abs muscles",
        "time": "7"
      }
    ],
    "unit": 1,
    "isOnline": false
  },
  {
    "calories": 13.876,
    "display": "Russian Twist",
    "id": 25,
    "lang": 1,
    "name": "russian_twist",
    "url": "https://firebasestorage.googleapis.com/v0/b/workout-apps.appspot.com/o/AbsCompressed%2Frussian_twist.gif?alt=media&token=cdcbe058-1324-4c57-98e0-9d7ab7d4bea6",
    "info":"Russian twist is a core workout that engages all the abdomen muscles. It strengthens the rectus abdominis, internal obliques and external obliques.",
    "howTo":"Sit on the floor with knees bent and legs up as in a V sit up position. Lock your hands together and twist them side to side with multiple repetitions then roll it back down.",
    "correctForm":"Hold your feets together and slightly above the ground\nSwing arms from one side to another in a twisting motion",
    "tts": [
      {
        "text": "Russian Twists works obliques and lower abs muscles",
        "time": "7"
      }
    ],
    "unit": 1,
    "isOnline": true
  },
  {
    "calories": 15.7456,
    "display": "Scissors",
    "id": 26,
    "lang": 1,
    "name": "scissors",
    "url": "https://firebasestorage.googleapis.com/v0/b/workout-apps.appspot.com/o/AbsCompressed%2Fscissors.gif?alt=media&token=275b25d0-6351-48d9-b3a5-a5fc3484781d",
    "info":"Scissors is a core exercise that primarily targets abs, hip flexors and transverse abdominis that maintain your stability, posture and balance.",
    "howTo":"Lying your back with both legs straight, put your hands underneath your lower back core for support. Raise your legs to 45 degree angle, spread them out to the side and then cross one leg over the other in the middle. Then bring them back to starting position completes one repetition.",
    "correctForm":"Raise your chin towards the chest to engage your upper abs\nPress lower back over the floor",
    "tts": [
      {
        "text": "Scissors strengthens core and lower abs muscles along with hip flexors and quadriceps",
        "time": "7"
      }
    ],
    "unit": 1,
    "isOnline": false
  },
  {
    "calories": 12.576,
    "display": "V Ups",
    "id": 27,
    "lang": 1,
    "name": "v_ups",
    "url": "https://firebasestorage.googleapis.com/v0/b/workout-apps.appspot.com/o/AbsCompressed%2Fv_ups.gif?alt=media&token=a62b100f-515a-4944-9032-22350be6a866",
    "info":"V-Ups is a great core body exercise that fully engages your abdominal muscles and strengthen your abs, obliques and back muscles.",
    "howTo":"Lying your back with both legs straight and extend your arms over your head. Lift your legs and upper body simultaneously off the floor and reach towards your feet. Return slowly back down the starting position.",
    "correctForm":"Keep your torso and legs straight, don’t arch your back.\nLift your legs up to 45 degree angle",
    "tts": [
      {
        "text": "V Ups targets core upper and lower abs muscles",
        "time": "7"
      }
    ],
    "unit": 1,
    "isOnline": false
  },
  {
    "calories": 12.576,
    "display": "Side Plank Left",
    "id": 28,
    "lang": 1,
    "name": "side_plank_left",
    "url": "https://firebasestorage.googleapis.com/v0/b/workout-apps.appspot.com/o/AbsCompressed%2Fside_plank_left.gif?alt=media&token=e5c63256-0393-41ce-aa6e-59f28a975772",
    "info":"Side plank is a core exercise that strengthen your shoulders, obliques and legs from hips to heels.",
    "howTo":"Lie down on your side with feets together and place your forearm right under the shoulder. Raise your hips until your body is in a straight line from head to feet. Hold the position without dropping your hips down the floor.",
    "correctForm":"Form your body a straight line from shoulders to ankles\nMake sure your hips are going up to the sky",
    "tts": [
      {
        "text": "Side Plank very effectively targets obliques and hip abductor muscles",
        "time": "7"
      }
    ],
    "unit": 1,
    "isOnline": false
  },
  {
    "calories": 12.576,
    "display": "Side Plank Right",
    "id": 29,
    "lang": 1,
    "name": "side_plank_right",
    "url": "https://firebasestorage.googleapis.com/v0/b/workout-apps.appspot.com/o/AbsCompressed%2Fside_plank_right.gif?alt=media&token=587896b1-3f05-4649-a8fe-0a41d71188e7",
    "info":"Side plank is a core exercise that strengthen your shoulders, obliques and legs from hips to heels.",
    "howTo":"Lie down on your side with feets together and place your forearm right under the shoulder. Raise your hips until your body is in a straight line from head to feet. Hold the position without dropping your hips down the floor.",
    "correctForm":"Form your body a straight line from shoulders to ankles\nMake sure your hips are going up to the sky",
    "tts": [
      {
        "text": "Side Plank very effectively targets obliques and hip abductor muscles",
        "time": "7"
      }
    ],
    "unit": 1,
    "isOnline": false
  },
  {
    "calories": 12.63,
    "display": "Chest Expansions",
    "id": 30,
    "unit": 1,
    "lang": 1,
    "tts": [
      {
        "text": "",
        "time": "7"
      }
    ],
    "name": "chest_expansion",
    "url": "https://firebasestorage.googleapis.com/v0/b/workout-apps.appspot.com/o/AbsCompressed%2Fchest_expansion.gif?alt=media&token=d6c95429-f0ca-4963-8a16-9d819c893d5b",
    "info":"Chest expansion is an effective exercise that primarily targets chest, shoulders and upper back.",
    "howTo":"Stand straight and extend arms to your sides. Stretch your arms out to your sides and bring them back together to starting position. Do the same motion multiple times.",
    "correctForm":"Keep your spine straight through entire motion\nKeep your belly tight",
    "isOnline": false
  },
  {
    "id": 31,
    "unit": 1,
    "lang": 1,
    "calories": 12.63,
    "display": "March Jacks",
    "tts": [
      {
        "text": "",
        "time": "7"
      }
    ],
    "name": "march_jacks",
    "url": "https://firebasestorage.googleapis.com/v0/b/workout-apps.appspot.com/o/AbsCompressed%2Fmarch_jacks.gif?alt=media&token=617840dc-f70d-4d5d-b648-27a9ad9df996",
    "info":"March jacks is a warm up exercise that primarily targets your abs, shoulders and thigh muscles.",
    "howTo":"Stand straight and raise arms upwards parallel to your body with one thigh lift with knee bend that nearly touches your torso. Then bring your arms and leg back together to starting position and repeat the motion with other leg.",
    "correctForm":"Keep your body in straight position, don’t arch your back\nKeep your head and neck straight",
    "isOnline": false
  },
  {
    "id": 32,
    "unit": 1,
    "lang": 1,
    "calories": 12.63,
    "display": "Raised Arm Circles",
    "tts": [
      {
        "text": "",
        "time": "7"
      }
    ],
    "name": "raised_arm_circles",
    "url": "https://firebasestorage.googleapis.com/v0/b/workout-apps.appspot.com/o/AbsCompressed%2Fraised_arm_circles.gif?alt=media&token=44626650-0896-4998-bddc-e65a6347aa9f",
    "info":"Raised arm circle is a warm up exercise that targets your shoulders, back, biceps & triceps.",
    "howTo":"Stand straight and extend arms to the side without bending elbows. Start rotating arms in circle, complete set in one direction and then rotate them backwards.",
    "correctForm":"Keep your arms & back straight\nKeep your body in T formation during exercise",
    "isOnline": false
  },
  {
    "id": 33,
    "unit": 1,
    "lang": 1,
    "calories": 12.63,
    "display": "Seal Jacks",
    "tts": [
      {
        "text": "",
        "time": "7"
      }
    ],
    "name": "seal_jacks",
    "url": "https://firebasestorage.googleapis.com/v0/b/workout-apps.appspot.com/o/AbsCompressed%2Fseal_jacks.gif?alt=media&token=3860dd5f-f1bf-47ff-8f96-db5474076e88",
    "info":"Seal jacks is cardiovascular exercise that primarily targets shoulders, upper chest, quads and calves.",
    "howTo":"Stand straight with your feets together and arms extended in front of your chest. Jump in air spreading out your legs and closing your arms at same time. Jump back to start and repeat the movement.",
    "correctForm":"Keep your arms & back straight\nArms should go out wide",
    "isOnline": false
  },
  {
    "id": 34,
    "unit": 1,
    "lang": 1,
    "calories": 12.63,
    "display": "Torso Rotation",
    "tts": [
      {
        "text": "",
        "time": "7"
      }
    ],
    "name": "torso_rotation",
    "url": "https://firebasestorage.googleapis.com/v0/b/workout-apps.appspot.com/o/AbsCompressed%2Ftorso_rotation.gif?alt=media&token=0668a4fc-97b4-4f5d-9089-fd87fe33d6c3",
    "info":"Torso rotation engages your core body muscles that primarily includes your abs and back.",
    "howTo":"Stand upright with holding both hands together. Rotate your torso out at one side while placing your hands on top of each other. Then rotate back to opposite direction. This completes one repetition.",
    "correctForm":"Keep lower body static\nKeep feets at shoulder width part",
    "isOnline": false
  },
  {
    "id": 35,
    "unit": 1,
    "lang": 1,
    "calories": 12.63,
    "display": "Cobra Stretch",
    "tts": [
      {
        "text": "",
        "time": "7"
      }
    ],
    "name": "cobra_stretch",
    "url": "https://firebasestorage.googleapis.com/v0/b/workout-apps.appspot.com/o/AbsCompressed%2Fcobra_stretch.gif?alt=media&token=86474987-a9ac-4e5a-8033-ae4d12b0aa51",
    "info":"Cobra stretch helps strengthening muscles of arms, shoulders, chest and abdominals.",
    "howTo":"Lie face down on the floor with parallel thigh placement and place your hands underneath your shoulders. Start straightening your arms with chest lift and maintain a comfortable height of torso. Relax and hold the stretch upwards.",
    "correctForm":"Tit head back and look upkeep\nKeep your abs and back relaxed",
    "isOnline": false
  },
  {
    "id": 36,
    "unit": 1,
    "lang": 1,
    "calories": 12.63,
    "display": "Shoulder Stretch",
    "tts": [
      {
        "text": "",
        "time": "7"
      }
    ],
    "name": "shoulder_stretch",
    "url": "https://firebasestorage.googleapis.com/v0/b/workout-apps.appspot.com/o/AbsCompressed%2Fshoulder_stretch.gif?alt=media&token=fed1950e-8f4e-4941-b10d-550dd2cb2c21",
    "info":"Shoulder and back stretch is an effective exercise that treats neck and shoulder pain. It also improves circulation in the shoulder joint and muscles.",
    "howTo":"Stand straight while keeping your head up and raise arms straight up over your body and hold both hands together. Slowly stretch your torso towards right side of your body and hold on for couple of seconds. Then stretch torso towards left side of your body and then come back to starting position.",
    "correctForm":"Exhale as you deepen the stretch, breath in as you release the stretch\nKeep shoulders in neutral position",
    "isOnline": false
  },
  {
    "id": 37,
    "unit": 1,
    "lang": 1,
    "calories": 12.63,
    "display": "Side Bend Stretch",
    "tts": [
      {
        "text": "",
        "time": "7"
      }
    ],
    "name": "side_bend_stretch",
    "url": "https://firebasestorage.googleapis.com/v0/b/workout-apps.appspot.com/o/AbsCompressed%2Fside_bend_stretch.gif?alt=media&token=e97ad75e-d00f-4420-9842-d25ee713f6a8",
    "info":"Side bend stretch is an effective exercise that primarily targets obliques, abs and back.",
    "howTo":"Stand straight with your feet shoulder width apart, place right hand on your side hip and raise the left arm straight up over the body. Incline your upper body to the right side and hold the stretch then repeat on the other side.",
    "correctForm":"Bend your torso slowly without moving hips\nDistribute weight of your upper body evenly between both legs",
    "isOnline": false
  },
  {
    "id": 38,
    "unit": 1,
    "lang": 1,
    "calories": 12.63,
    "display": "Cat Cow Stretch",
    "tts": [
      {
        "text": "",
        "time": "7"
      }
    ],
    "name": "cat_cow_stretch",
    "url": "https://firebasestorage.googleapis.com/v0/b/workout-apps.appspot.com/o/AbsCompressed%2Fcat_cow_stretch.gif?alt=media&token=2e5259e3-5cde-4ab7-997d-92fad5e04539",
    "info":"Cat cow stretch is core exercise that brings flexibility to the spine. It helps relieving back pain.",
    "howTo":"Get down on the floor with your hands and knees in a view aligning your palms underneath shoulders and knees underneath hips. Curl your toes under, inhale and drop your belly towards the floor meanwhile lift your chin and chest upwards. Then release top of your feet to the floor, exhale and round your back dropping your head and tailbone down and pulling your belly inwards and drop your head. Hold the stretch the get back to starting position.",
    "correctForm":"Inhale and exhale respectively during cat moves\nDon’t overuse your lower back muscles",
    "isOnline": false
  },
  {
    "id": 39,
    "unit": 1,
    "lang": 1,
    "calories": 12.63,
    "display": "Abductor Stretch Left",
    "tts": [
      {
        "text": "",
        "time": "7"
      }
    ],
    "name": "abductor_stretch_left",
    "url": "https://firebasestorage.googleapis.com/v0/b/workout-apps.appspot.com/o/AbsCompressed%2Fabductor_stretch_left.gif?alt=media&token=a76f9cfe-1e15-4876-910d-fe5c78fcf763",
    "info":"Abductor stretch is an exercise that primarily targets abductor muscles and thigh muscles.",
    "howTo":"Stand straight, put both hands on your side hips and spread your feets wider than your shoulders. Take left foot step forward and start bending your upper body weight towards that left side along with bending knee. Hold the stretch, then come to starting position and repeat on the other side.",
    "correctForm":"Stabilize body weight on top of the leg\nSqueeze your abs and glutes to stabilize your body",
    "isOnline": false
  },
  {
    "id": 40,
    "unit": 1,
    "lang": 1,
    "calories": 12.63,
    "display": "Abductor Stretch Right",
    "tts": [
      {
        "text": "",
        "time": "7"
      }
    ],
    "name": "abductor_stretch_right",
    "url": "https://firebasestorage.googleapis.com/v0/b/workout-apps.appspot.com/o/AbsCompressed%2Fabductor_stretch_right.gif?alt=media&token=b9c1db1d-ebb8-4bb4-a0f4-8d4e7cb147f1",
    "info":"Abductor stretch is an exercise that primarily targets abductor muscles and thigh muscles.",
    "howTo":"Stand straight, put both hands on your side hips and spread your feets wider than your shoulders. Take left foot step forward and start bending your upper body weight towards that left side along with bending knee. Hold the stretch, then come to starting position and repeat on the other side.",
    "correctForm":"Stabilize body weight on top of the leg\nSqueeze your abs and glutes to stabilize your body",
    "isOnline": false
  },
  {
    "id": 41,
    "unit": 1,
    "lang": 1,
    "calories": 12.63,
    "display": "Pelvic Stretch",
    "tts": [
      {
        "text": "",
        "time": "7"
      }
    ],
    "name": "pelvic_stretch",
    "url": "https://firebasestorage.googleapis.com/v0/b/workout-apps.appspot.com/o/AbsCompressed%2Fpelvic_stretch.gif?alt=media&token=8dbe2f23-aa9c-438d-bcf7-52576f93b4a0",
    "info":"Pelvic stretch is an effective exercise that primarily targets pelvic muscles, glutes and thigh muscles.",
    "howTo":"Stand straight and lift your right leg with bended knee, grab knee with your both hands and pull towards torso. Hold the stretch then repeat with left leg.",
    "correctForm":"Stabilize body weight on one leg\nTake deep breaths while stretching",
    "isOnline": false
  },
  {
    "id": 42,
    "unit": 1,
    "lang": 1,
    "calories": 12.63,
    "display": "Quadricep Stretch",
    "tts": [
      {
        "text": "",
        "time": "7"
      }
    ],
    "name": "quad_stretch",
    "url": "https://firebasestorage.googleapis.com/v0/b/workout-apps.appspot.com/o/AbsCompressed%2Fquad_stretch.gif?alt=media&token=385ef1d3-c5a8-409a-b1f5-783592a35e87",
    "info":"Quadricep stretch is an effective exercise that mainly targets your quads, hip flexors and ankles.",
    "howTo":"Stand straight and shift your body weight to the left leg. Lift up your right foot, grasp it with your right hand from backside and feel the stretch in your quads by pulling it towards the hip. Hold the stretch then repeat with right leg.",
    "correctForm":"Take deep breaths while stretching\nGrab the top of your foot with respective hand",
    "isOnline": false
  },
  {
    "id": 43,
    "unit": 1,
    "lang": 1,
    "calories": 12.63,
    "display": "Neck Stretch",
    "tts": [
      {
        "text": "",
        "time": "7"
      }
    ],
    "name": "neck_stretch",
    "url": "https://firebasestorage.googleapis.com/v0/b/workout-apps.appspot.com/o/AbsCompressed%2Fneck_stretch.gif?alt=media&token=1a15542b-301e-48f6-b151-23566ae99648",
    "info":"Neck stretch is an effective exercise that treats neck and shoulder muscles.",
    "howTo":"Stand straight with your feet shoulder width apart, tilt your head towards shoulder. Place hand on your head and gently pull until you feel the stretch. Hold the stretch then repeat on the other side.",
    "correctForm":"Relax your neck, arm & shoulders\nExhale as you stretch muscles, inhale as you release the stretch",
    "isOnline": false
  },
  {
    "id": 44,
    "unit": 1,
    "lang": 1,
    "calories": 12.63,
    "display": "Tricep Stretch",
    "tts": [
      {
        "text": "",
        "time": "7"
      }
    ],
    "name": "tricep_stretch",
    "url": "https://firebasestorage.googleapis.com/v0/b/workout-apps.appspot.com/o/AbsCompressed%2Ftricep_stretch.gif?alt=media&token=186d06b2-ef70-41d4-8b8d-ab5f0dba63ef",
    "info":"Tricep stretch is a great way to improve your upper body’s flexibility and strengthen shoulders.",
    "howTo":"Stand straight with your feet shoulder width apart, raise and bend one arm so your hand is in the middle of upper back. Grasp your elbow with the other hand and pull gently to feel stretch in tricep. Hold the stretch then repeat on the other side.",
    "correctForm":"Keep your neck & shoulders relaxed\nExhale as you stretch, inhale as you release the stretch",
    "isOnline": false
  },
  {
    "id": 45,
    "unit": 1,
    "lang": 1,
    "calories": 12.63,
    "display": "Back Shoulder Stretch",
    "tts": [
      {
        "text": "",
        "time": "7"
      }
    ],
    "name": "back_shoulder_stretch",
    "url": "https://firebasestorage.googleapis.com/v0/b/workout-apps.appspot.com/o/AbsCompressed%2Fback_shoulder_stretch.gif?alt=media&token=83beefff-aacd-47fb-8032-4ad38c214653",
    "info":"Shoulder and back stretch is an effective exercise that treats neck and shoulder pain. It also improves circulation in the shoulder joint and muscles.",
    "howTo":"Stand straight while keeping your head up and raise arms straight up over your body and hold both hands together. Slowly stretch your torso towards right side of your body and hold on for couple of seconds. Then stretch torso towards left side of your body and then come back to starting position.",
    "correctForm":"Exhale as you deepen the stretch, breath in as you release the stretch\nKeep shoulders in neutral position",
    "isOnline": false
  },
  {
    "id": 46,
    "unit": 1,
    "lang": 1,
    "calories": 12.63,
    "display": "Hamstring Stretch",
    "tts": [
      {
        "text": "",
        "time": "7"
      }
    ],
    "name": "hamstring_stretch",
    "url": "https://firebasestorage.googleapis.com/v0/b/workout-apps.appspot.com/o/AbsCompressed%2Fhamstring_stretch.gif?alt=media&token=eac3a246-5ea1-47bd-b989-2f2b1553d705",
    "info":"Shoulder and back stretch is an effective exercise that treats your lower back pain and leg pain.",
    "howTo":"Stand straight and extend right leg out in front of you in a position where foot heel is on the floor and toe towards the roof. Bend your back leg knee while supporting the knee with both palms. Slowly put weight on back leg knee while straightening your front leg until a stretch is felt in the hamstrings. Hold the stretch then repeat with left leg.",
    "correctForm":"Keep your knees straight while stretching leg\nKeep your lower back and hips flat",
    "isOnline": false
  },
  {
    "id": 47,
    "unit": 1,
    "lang": 1,
    "calories": 12.63,
    "display": "Downward Upward Dog",
    "tts": [
      {
        "text": "",
        "time": "7"
      }
    ],
    "name": "downward_upward_dog",
    "url": "https://firebasestorage.googleapis.com/v0/b/workout-apps.appspot.com/o/AbsCompressed%2Fdownward_upward_dog.gif?alt=media&token=47213994-3ce1-4091-a7a1-93579cdec0d4",
    "info":"Downward upward dog is an exercise that primarily targets your back, hamstrings, chest and shoulders.",
    "howTo":"Start in a plank position with shoulders on the top of your wrists, heels on top of the balls of feet and place feets at shoulders width apart. Lift your hips up without moving your hands or feet that makes downward facing dog pose. Then drive your hips forward towards the floor in a position with pelvis go down towards the floor. Place your hands underneath your shoulders with chest lift and maintain a comfortable height of torso that makes upward facing dog pose.",
    "correctForm":"Maintain your wrists and elbows straight\nOpen your shoulders and remove all stress from neck",
    "isOnline": false
  },
  {
    "id": 48,
    "unit": 1,
    "lang": 1,
    "calories": 12.63,
    "display": "Lunge Stretch",
    "tts": [
      {
        "text": "",
        "time": "7"
      }
    ],
    "name": "stretching_lunge_stretch",
    "url": "https://firebasestorage.googleapis.com/v0/b/workout-apps.appspot.com/o/AbsCompressed%2Fstretching_lunge_stretch.gif?alt=media&token=6d507563-79c8-4096-92d6-52bc94eeac80",
    "info":"Lunge stretch is an exercise than primarily targets abs, glutes, quads and hamstrings.",
    "howTo":"Stand straight, take a step forward then slowly bend both knees until your back knee touches the floor. Stand back up and repeat the motion with alternative leg.",
    "correctForm":"While bending front knee, make 90 degree angle from thigh to leg\nMaintain your feet hip width apart",
    "isOnline": false
  }
]