{
    "list": {
        "lt": "g",
        "start": 0,
        "end": 26,
        "total": 26,
        "sr": "1",
        "sort": "n",
        "item": [
            {
                "offset": 0,
                "id": "",
                "name": "All Groups"
            },
            {
                "offset": 1,
                "id": "3500",
                "name": "American Indian/Alaska Native Foods"
            },
            {
                "offset": 2,
                "id": "0300",
                "name": "Baby Foods"
            },
            {
                "offset": 3,
                "id": "1800",
                "name": "Baked Products"
            },
            {
                "offset": 4,
                "id": "1300",
                "name": "Beef Products"
            },
            {
                "offset": 5,
                "id": "1400",
                "name": "Beverages"
            },
            {
                "offset": 6,
                "id": "0800",
                "name": "Breakfast Cereals"
            },
            {
                "offset": 7,
                "id": "2000",
                "name": "Cereal Grains and Pasta"
            },
            {
                "offset": 8,
                "id": "0100",
                "name": "Dairy and Egg Products"
            },
            {
                "offset": 9,
                "id": "2100",
                "name": "Fast Foods"
            },
            {
                "offset": 10,
                "id": "0400",
                "name": "Fats and Oils"
            },
            {
                "offset": 11,
                "id": "1500",
                "name": "Finfish and Shellfish Products"
            },
            {
                "offset": 12,
                "id": "0900",
                "name": "Fruits and Fruit Juices"
            },
            {
                "offset": 13,
                "id": "1700",
                "name": "Lamb, Veal, and Game Products"
            },
            {
                "offset": 14,
                "id": "1600",
                "name": "Legumes and Legume Products"
            },
            {
                "offset": 15,
                "id": "2200",
                "name": "Meals, Entrees, and Side Dishes"
            },
            {
                "offset": 16,
                "id": "1200",
                "name": "Nut and Seed Products"
            },
            {
                "offset": 17,
                "id": "1000",
                "name": "Pork Products"
            },
            {
                "offset": 18,
                "id": "0500",
                "name": "Poultry Products"
            },
            {
                "offset": 19,
                "id": "3600",
                "name": "Restaurant Foods"
            },
            {
                "offset": 20,
                "id": "0700",
                "name": "Sausages and Luncheon Meats"
            },
            {
                "offset": 21,
                "id": "2500",
                "name": "Snacks"
            },
            {
                "offset": 22,
                "id": "0600",
                "name": "Soups, Sauces, and Gravies"
            },
            {
                "offset": 23,
                "id": "0200",
                "name": "Spices and Herbs"
            },
            {
                "offset": 24,
                "id": "1900",
                "name": "Sweets"
            },
            {
                "offset": 25,
                "id": "1100",
                "name": "Vegetables and Vegetable Products"
            }
        ]
    }
}