[
  {
    "id": 1,
    "name": "WEIGHT LOSS SCIENCE",
    "type": [
      {
        "title": "Weight Loss Explained",
        "content": [
          {
            "text": "There is only one sustainable way to lose weight and that is by creating a calorie deficit. Calorie deficit happens when you consume less calories than what is required by your body. Understand your daily calorie requirement by using BMR or Basal Metabolic Rate.\n\nBMR plus any additional physical activity like running, strength training or swimming will determine the total calories required to maintain your body weight. Any calories intake below the daily calories requirement will result in weight loss.",
            "url": "https://firebasestorage.googleapis.com/v0/b/workout-apps.appspot.com/o/FoodContent%2Fweight_loss_science_image.jpg?alt=media&token=2b552f58-ee39-425c-94ff-8a75f1a979d7",
            "image": "weight_loss_science_image"
          }
        ]
      },
      {
        "title": "1 Pound Fat = 3,500 Calories",
        "content": [
          {
            "text": "One pound of fat is equivalent to 3,500 calories. If you want to lose 1 pound of fat in one week, you will have to create 500 calorie deficit per day for a week. This can be done by eating 500 calories less or burning 500 calories more by exercise.",
            "url": "https://firebasestorage.googleapis.com/v0/b/workout-apps.appspot.com/o/FoodContent%2Fpound_fat_calories_image.jpg?alt=media&token=78ab1a4c-5c37-4765-8b09-893b26fa6928",
            "image": "pound_fat_calories_image"
          }
        ]
      },
      {
        "title": "Be Consistent",
        "content": [
          {
            "text": "Sustainable weight loss does not happen overnight. Generally it will take at least four weeks before you can feel any visible difference. That’s why we have specially designed our 30 day abs workout program to give you effective and long term results.",
            "url": "https://firebasestorage.googleapis.com/v0/b/workout-apps.appspot.com/o/FoodContent%2Fbe_consistent_image.jpg?alt=media&token=19df55c7-1026-4b55-aa11-d5613986d863",
            "image": "be_consistent_image"
          }
        ]
      },
      {
        "title": "Eat Right",
        "content": [
          {
            "text": "Abs are made in the kitchen. Having a proper diet cannot be stressed enough when it comes to well being and fat loss. No matter what your goal is, either weight loss or muscle building. It all comes down what, when and how much you eat. No amount of physical exercise can ever compensate for binge eating.",
            "url": "https://firebasestorage.googleapis.com/v0/b/workout-apps.appspot.com/o/FoodContent%2Feat_right_image.jpg?alt=media&token=384ac58a-7a10-49d7-afae-2b41bef04e75",
            "image": "eat_right_image"
          }
        ]
      },
      {
        "title": "Keep A Record ",
        "content": [
          {
            "text": "Weight loss is a goal and like any other goal you want to have it in your sight at all times. Keeping track shows you progress made so far and it also keeps you motivated during your journey. We have provided an array of useful graphs to effectively track your workout activities and progress. ",
            "url": "https://firebasestorage.googleapis.com/v0/b/workout-apps.appspot.com/o/FoodContent%2Fkeep_a_record_image.jpg?alt=media&token=7c239585-4e02-49ba-bbb3-025cdfc6716e",
            "image": "keep_a_record_image"
          }
        ]
      },
      {
        "title": "Measure Your Progress",
        "content": [
          {
            "text": "Muscles weigh more than fat. Focusing on just weight will only reveal half the picture. If you are working out properly you might be losing a few inches around the waist but your weight might not be going down as you might be gaining muscles mass.\nDon’t just focus on the numbers on the scales. Measure your body parts like belly, thighs and chest to see if you are making real progress.",
            "url": "https://firebasestorage.googleapis.com/v0/b/workout-apps.appspot.com/o/FoodContent%2Fmeasure_your_progress_image.jpg?alt=media&token=6db6fa25-e9d6-4102-a77e-0cdcdbadbaf0",
            "image": "measure_your_progress_image"
          }
        ]
      }
    ]
  },
  {
    "id": 2,
    "name": "PRE WORKOUT NUTRITION",
    "type": [
      {
        "title": "Pre Workout Nutrition",
        "content": [
          {
            "text": "If you are looking for weight loss you can either train on empty stomach or have a light snack before working out. We recommend that you have a light snack before working out. Your goal during the workout should be to elevate your heart rate. This will increase body’s metabolism and accelerate fat loss.\n\nShort bursts of intense workouts (High Intensity Interval Training or HIIT Workouts) achieve this very effectively. All our workouts are designed to be HIIT workouts to achieve best results.",
            "url": "https://firebasestorage.googleapis.com/v0/b/workout-apps.appspot.com/o/FoodContent%2Fpre1_workout_nutrition_for_weight_loss_image.jpg?alt=media&token=5be55576-8e12-4c9e-afa5-052ae9367ae3",
            "image": "pre_workout_nutrition_for_weight_loss_image"
          }
        ]
      },
      {
        "title": "Snack Time - Pre Workout",
        "content": [
          {
            "text": "Generally it considered a good idea to have your pre workout snack 30 to 60 minutes before your workout. Whatever you do, never train on a full stomach. Any major meal should be taken at least two hours before your workout. ",
            "url": "https://firebasestorage.googleapis.com/v0/b/workout-apps.appspot.com/o/FoodContent%2Fbest_time_30_workout_snack_image.jpg?alt=media&token=56a03020-2df3-4820-9f1b-3bb71c0450e6",
            "image": "best_time_30_workout_snack_image"
          }
        ]
      },
      {
        "title": "Pre Workout Meals",
        "content": [
          {
            "text": "Eating the right pre workout meals can turn your body into a powerful fat burning machine. Best pre workout snacks are the one that are mostly carbohydrates. Carbs are digested faster than protein and fats. This is critical before workout since meals heavy in fat and protein will divert blood flow to stomach and not to the muscles essential for workout.\n\nFind below list of our recommended pre workout meals.",
            "url": "https://firebasestorage.googleapis.com/v0/b/workout-apps.appspot.com/o/FoodContent%2Fbest_pre_workout_snacks_image.jpg?alt=media&token=9ad58428-345f-46b3-a210-9d1ed9730f50",
            "image": "best_pre_workout_snacks_image"
          },
          {
            "text": "Low Fat Yogurt With Banana",
            "url": "https://firebasestorage.googleapis.com/v0/b/workout-apps.appspot.com/o/FoodContent%2Flow_fat_yogurt_with_banana_image.jpg?alt=media&token=7ccc598a-9a7d-4851-9584-de0cd1882404",
            "image": "low_fat_yogurt_with_banana_image"
          },
          {
            "text": "Fruit Juice (Small Glass)",
            "url": "https://firebasestorage.googleapis.com/v0/b/workout-apps.appspot.com/o/FoodContent%2Ffruit_juice_small_glass_image.jpg?alt=media&token=f8943c1a-1065-435f-a3da-872cd581cca0",
            "image": "fruit_juice_small_glass_image"
          },
          {
            "text": "Baked Potato",
            "url": "https://firebasestorage.googleapis.com/v0/b/workout-apps.appspot.com/o/FoodContent%2Fbaked_potato_image.jpg?alt=media&token=093af920-82a6-4baf-a16b-dc224ff1841c",
            "image": "baked_potato_image"
          },
          {
            "text": "Oatmeal with raisins",
            "url": "https://firebasestorage.googleapis.com/v0/b/workout-apps.appspot.com/o/FoodContent%2Foatmeal_with_raisins_image.jpg?alt=media&token=4a5a0278-db15-4d42-a98c-1b66f16d7add",
            "image": "oatmeal_with_raisins_image"
          },
          {
            "text": "Fruit Smoothies",
            "url": "https://firebasestorage.googleapis.com/v0/b/workout-apps.appspot.com/o/FoodContent%2Ffruit_smoothies_image.jpg?alt=media&token=ff9cdb13-95ae-4512-a94d-295c4fe6eafc",
            "image": "fruit_smoothies_image"
          },
          {
            "text": "Granola Bar",
            "url": "https://firebasestorage.googleapis.com/v0/b/workout-apps.appspot.com/o/FoodContent%2Fgranola_bar_image.jpg?alt=media&token=221d55de-f4f3-40d3-8ff7-c5b6e177bda5",
            "image": "granola_bar_image"
          },
          {
            "text": "Peanut Butter Toast with Banana",
            "url": "https://firebasestorage.googleapis.com/v0/b/workout-apps.appspot.com/o/FoodContent%2Fpeanut_butter_toast_with_banana_image.jpg?alt=media&token=d853a39f-27b8-4924-bbda-ab751e35b6ba",
            "image": "peanut_butter_toast_with_banana_image"
          },
          {
            "text": "Egg Cucumber Sandwich",
            "url": "https://firebasestorage.googleapis.com/v0/b/workout-apps.appspot.com/o/FoodContent%2Fegg_cucumber_sandwich_image.jpg?alt=media&token=71b457e8-9d00-4bba-b347-156f92f694ce",
            "image": "egg_cucumber_sandwich_image"
          },
          {
            "text": "Dried Fruits & Nuts",
            "url": "https://firebasestorage.googleapis.com/v0/b/workout-apps.appspot.com/o/FoodContent%2Fdried_fruits_%26_nuts_image.jpg?alt=media&token=4d8ed186-a41b-4b4a-b4c4-cc2149fb53de",
            "image": "dried_fruits_nuts_image"
          },
          {
            "text": "Carrots & Hummus",
            "url": "https://firebasestorage.googleapis.com/v0/b/workout-apps.appspot.com/o/FoodContent%2Fcarrots_%26_hummus_image.jpg?alt=media&token=c8a7a89d-0688-440c-83f2-1bfdd37a9f25",
            "image": "carrots_hummus_image"
          }
        ]
      }
    ]
  },
  {
    "id": 3,
    "name": "POST WORKOUT NUTRITION",
    "type": [
      {
        "title": "Post Workout Nutrition",
        "content": [
          {
            "text": "Post workout meals are the repair food that helps your body recover faster from the exercise. Good post workout meal is the one which has a mix of all the necessary macronutrients. Carbohydrates provide you with energy while protein is necessary for muscle building. High quality fats are also very essential for recovery.",
            "url": "https://firebasestorage.googleapis.com/v0/b/workout-apps.appspot.com/o/FoodContent%2Fpost1_workout_nutrition_for_weight_loss_image.jpg?alt=media&token=9c372713-ec1a-40c5-8a80-39fa28fc78f6",
            "image": "post_workout_nutrition_for_weight_loss_image"
          }
        ]
      },
      {
        "title": "Snack Time - Post Workout",
        "content": [
          {
            "text": "It is generally advisable that you consume your post workout out meal within 30 minutes of the training session. Again remember this must be a small meal and not a full blown meal to slow you down.",
            "url": "https://firebasestorage.googleapis.com/v0/b/workout-apps.appspot.com/o/FoodContent%2Fbest_time_60_workout_snack_image.jpg?alt=media&token=741e7085-b965-4dea-958d-0ede6250efa4",
            "image": "best_time_60_workout_snack_image"
          }
        ]
      },
      {
        "title": "Post Workout Meals",
        "content": [
          {
            "text": "If you are trying to lose weight you might be inclined to skip the post workout meal to save calories. However this is a mistake. You should focus on post workout meal to maximize the impact of your training session and to recover faster for the next workout. Wholesome meals post the workout will prevent excessive hunger that can cause overeating later.",
            "url": "https://firebasestorage.googleapis.com/v0/b/workout-apps.appspot.com/o/FoodContent%2Fbest_pre_workout_snacks_image.jpg?alt=media&token=9ad58428-345f-46b3-a210-9d1ed9730f50",
            "image": "best_pre_workout_snacks_image"
          },
          {
            "text": "Peanut Butter Banana Smoothie",
            "url": "https://firebasestorage.googleapis.com/v0/b/workout-apps.appspot.com/o/FoodContent%2Fpeanut_butter_banana_smoothie.jpg?alt=media&token=33311429-27b1-4f2f-a5fa-4ff2046f1fa6",
            "image": "peanut_butter_banana_smoothie"
          },
          {
            "text": "Cottage Cheese With Orange",
            "url": "https://firebasestorage.googleapis.com/v0/b/workout-apps.appspot.com/o/FoodContent%2Fcottage_cheese_with_orange_image.jpg?alt=media&token=94f8bfba-02b0-484d-beb4-adab22eecad4",
            "image": "cottage_cheese_with_orange_image"
          },
          {
            "text": "Boiled Eggs With Light Mayo",
            "url": "https://firebasestorage.googleapis.com/v0/b/workout-apps.appspot.com/o/FoodContent%2Fboiled_eggs_with_light_mayo_image.jpg?alt=media&token=b3d67e54-309f-4371-a449-e7f5b9ef6146",
            "image": "boiled_eggs_with_light_mayo_image"
          },
          {
            "text": "Low Fat Chocolate Milk",
            "url": "https://firebasestorage.googleapis.com/v0/b/workout-apps.appspot.com/o/FoodContent%2Flow_fat_chocolate_milk_image.jpg?alt=media&token=e4b33b6c-30db-431a-b953-c6c0653fcbbd",
            "image": "low_fat_chocolate_milk_image"
          },
          {
            "text": "Baked Sweet Potato With Egg",
            "url": "https://firebasestorage.googleapis.com/v0/b/workout-apps.appspot.com/o/FoodContent%2Fbaked_sweet_potato_with_egg_image.jpg?alt=media&token=238391dd-e48d-42e8-a1bb-99255a38a3d7",
            "image": "baked_sweet_potato_with_egg_image"
          },
          {
            "text": "Quinoa Salad",
            "url": "https://firebasestorage.googleapis.com/v0/b/workout-apps.appspot.com/o/FoodContent%2Fquinoa_salad_image.jpg?alt=media&token=f98842cd-6191-40d5-b847-44183f99cad2",
            "image": "quinoa_salad_image"
          },
          {
            "text": "Turkey Sandwich",
            "url": "https://firebasestorage.googleapis.com/v0/b/workout-apps.appspot.com/o/FoodContent%2Fturkey_sandwich_image.jpg?alt=media&token=c8e06a55-8976-4c5e-82be-4857a2eaf3f7",
            "image": "turkey_sandwich_image"
          },
          {
            "text": "Spinach & Chicken Salad",
            "url": "https://firebasestorage.googleapis.com/v0/b/workout-apps.appspot.com/o/FoodContent%2Fspinach_%26_chicken_salad_image.jpg?alt=media&token=9d9392ab-1e11-415a-859f-e9119a8c33f7",
            "image": "spinach_chicken_salad_image"
          },
          {
            "text": "Mushroom Spinach Omelette",
            "url": "https://firebasestorage.googleapis.com/v0/b/workout-apps.appspot.com/o/FoodContent%2Fmushroom_spinach_omelette_image.jpg?alt=media&token=263762f2-db95-4c3e-9a1f-99b43d531d0a",
            "image": "mushroom_spinach_omelette_image"
          },
          {
            "text": "Pan Fried Salmon",
            "url": "https://firebasestorage.googleapis.com/v0/b/workout-apps.appspot.com/o/FoodContent%2Fpan_fried_salmon_image.jpg?alt=media&token=0ccfac1a-cce0-412b-9c58-a04b48181200",
            "image": "pan_fried_salmon_image"
          }
        ]
      }
    ]
  },
  {
    "id": 4,
    "name": "FAT BURNING FOODS",
    "type": [
      {
        "title": "FAT BURNING FOODS",
        "content": [
          {
            "text": "Not all foods are created equal when it comes to fat loss. Some foods are more effective in increasing body’s metabolic rate than others. Increase in daily intake of these fat burning foods can help in fat loss.",
            "url": "https://firebasestorage.googleapis.com/v0/b/workout-apps.appspot.com/o/FoodContent%2Ffat_burning_foods_image.jpg?alt=media&token=76c7e43b-e824-471c-98bb-2ca5c41da378",
            "image": "fat_burning_foods_image"
          },
          {
            "text": "Eggs",
            "url": "https://firebasestorage.googleapis.com/v0/b/workout-apps.appspot.com/o/FoodContent%2Feggs_image.jpg?alt=media&token=780b86d1-1ea9-4ee3-9906-e8e4ad532306",
            "image": "eggs_image"
          },
          {
            "text": "Salmon",
            "url": "https://firebasestorage.googleapis.com/v0/b/workout-apps.appspot.com/o/FoodContent%2Fsalmon_image.jpg?alt=media&token=9187b41b-0755-4fd6-a456-a7df88c19bda",
            "image": "salmon_image"
          },
          {
            "text": "Grapefruit",
            "url": "https://firebasestorage.googleapis.com/v0/b/workout-apps.appspot.com/o/FoodContent%2Fgrapefruit_image.jpg?alt=media&token=ea5f1056-fa6c-463d-b0fa-9858e33166b0",
            "image": "grapefruit_image"
          },
          {
            "text": "Avocado",
            "url": "https://firebasestorage.googleapis.com/v0/b/workout-apps.appspot.com/o/FoodContent%2Favocado_image.jpg?alt=media&token=b5361423-ddbe-4847-9e16-c5082fb93d89",
            "image": "avocado_image"
          },
          {
            "text": "Chilli Peppers",
            "url": "https://firebasestorage.googleapis.com/v0/b/workout-apps.appspot.com/o/FoodContent%2Fchilli_peppers_image.jpg?alt=media&token=e8ac580b-16dc-495b-a528-bc18d8aead60",
            "image": "chilli_peppers_image"
          },
          {
            "text": "Green Tea",
            "url": "https://firebasestorage.googleapis.com/v0/b/workout-apps.appspot.com/o/FoodContent%2Fgreen_tea_image.jpg?alt=media&token=3164d124-3704-4917-8885-788a5bb49730",
            "image": "green_tea_image"
          },
          {
            "text": "Greek Yogurt",
            "url": "https://firebasestorage.googleapis.com/v0/b/workout-apps.appspot.com/o/FoodContent%2Fgreek_yogurt_image.jpg?alt=media&token=9e93fe1a-f956-4b55-b8c1-6999969d48ca",
            "image": "greek_yogurt_image"
          },
          {
            "text": "Chicken Breast",
            "url": "https://firebasestorage.googleapis.com/v0/b/workout-apps.appspot.com/o/FoodContent%2Fchicken_breast_image.jpg?alt=media&token=a691c5de-2baa-4d05-a0f6-7f9ecc6a7855",
            "image": "chicken_breast_image"
          },
          {
            "text": "Broccoli",
            "url": "https://firebasestorage.googleapis.com/v0/b/workout-apps.appspot.com/o/FoodContent%2Fbroccoli_image.jpg?alt=media&token=da8906c6-c668-4e0a-8153-5eea9d7fda8f",
            "image": "broccoli_image"
          },
          {
            "text": "Cinnamon",
            "url": "https://firebasestorage.googleapis.com/v0/b/workout-apps.appspot.com/o/FoodContent%2Fcinnamon_image.jpg?alt=media&token=ae37a44c-068a-4cb3-ba1c-f3509268495c",
            "image": "cinnamon_image"
          }
        ]
      }
    ]
  }
]